stimulus_id,image_path,source_id,condition_id,outline,shading,shading_region,material,outer_color,center_color,background_color,width_px,height_px,sha256
oc-274578-heads__oa-sf-ma-pbg,images/oc-274578-heads/background-black/oc-274578-heads__oa-sf-ma-pbg.png,oc-274578-heads,oa-sf-ma-pbg,ambiguous,figure,vase,ambiguous,black,gray,black,1024,1024,d014e9681287aff66332dd656924f0c4f3cf680baa4d42eb86e2049fdeb32d5b
oc-274578-heads__oa-sf-ma-pbw,images/oc-274578-heads/background-black/oc-274578-heads__oa-sf-ma-pbw.png,oc-274578-heads,oa-sf-ma-pbw,ambiguous,figure,vase,ambiguous,black,white,black,1024,1024,3464c4d22a0b73150b74615a8ff521adfd7acf8224d792bf197e887952616866
oc-274578-heads__oa-sn-ma-pbg,images/oc-274578-heads/background-black/oc-274578-heads__oa-sn-ma-pbg.png,oc-274578-heads,oa-sn-ma-pbg,ambiguous,none,none,ambiguous,black,gray,black,1024,1024,3406146cb7dafacfdf9cb63ade9caf9d8acc7ef92638284cfe73a437b458ec4b
oc-274578-heads__oa-sn-ma-pbw,images/oc-274578-heads/background-black/oc-274578-heads__oa-sn-ma-pbw.png,oc-274578-heads,oa-sn-ma-pbw,ambiguous,none,none,ambiguous,black,white,black,1024,1024,3eba2d061b9dd8d582745355f542a324786236c3d20f349e532c02884bc8586d
oc-274578-heads__oa-sn-mv-pbg,images/oc-274578-heads/background-black/oc-274578-heads__oa-sn-mv-pbg.png,oc-274578-heads,oa-sn-mv-pbg,ambiguous,none,none,vase,black,gray,black,1024,1024,17cfd6317488ed4d1ef19c2ae1146b7d95ba62b39396112b056354b58c1c776a
oc-274578-heads__oa-sn-mv-pbw,images/oc-274578-heads/background-black/oc-274578-heads__oa-sn-mv-pbw.png,oc-274578-heads,oa-sn-mv-pbw,ambiguous,none,none,vase,black,white,black,1024,1024,49640647917ffe00ffd2afb49ec2866fbf6ec31a4ed940ce4ac2dccfbd6377a8
oc-274578-heads__of-sf-ma-pgb,images/oc-274578-heads/background-black/oc-274578-heads__of-sf-ma-pgb.png,oc-274578-heads,of-sf-ma-pgb,face,figure,face,ambiguous,gray,black,black,1024,1024,05200c078712c43aec784eaa9f3984db2213c87cb9ade8734a12ee3c4b8c7c7a
oc-274578-heads__of-sf-ma-pwb,images/oc-274578-heads/background-black/oc-274578-heads__of-sf-ma-pwb.png,oc-274578-heads,of-sf-ma-pwb,face,figure,face,ambiguous,white,black,black,1024,1024,3c52d909f7e0eaddf5427e59c56c051763ee526cb18b145dbf90c62e61fcb5e7
oc-274578-heads__of-sn-ma-pgb,images/oc-274578-heads/background-black/oc-274578-heads__of-sn-ma-pgb.png,oc-274578-heads,of-sn-ma-pgb,face,none,none,ambiguous,gray,black,black,1024,1024,358f086feceeb9fe5f5909c8453e09f0bcc7602471820f8644e0c0666d666b6d
oc-274578-heads__of-sn-ma-pwb,images/oc-274578-heads/background-black/oc-274578-heads__of-sn-ma-pwb.png,oc-274578-heads,of-sn-ma-pwb,face,none,none,ambiguous,white,black,black,1024,1024,aea20999701c28f14c487f93a4809da47d43c05af5b1f58cf441d7bd9c527c98
oc-274578-heads__oa-sf-ma-pgb,images/oc-274578-heads/background-gray/oc-274578-heads__oa-sf-ma-pgb.png,oc-274578-heads,oa-sf-ma-pgb,ambiguous,figure,vase,ambiguous,gray,black,gray,1024,1024,796398be1c355a8b23ca0d2b38039039da043c9bac0be42f927ea2badb057065
oc-274578-heads__oa-sf-ma-pgw,images/oc-274578-heads/background-gray/oc-274578-heads__oa-sf-ma-pgw.png,oc-274578-heads,oa-sf-ma-pgw,ambiguous,figure,vase,ambiguous,gray,white,gray,1024,1024,d9b3b55d575cd71ea5ee4165c00f276ad6fa1de13a5dd2dc6c92350569965346
oc-274578-heads__oa-sn-ma-pgb,images/oc-274578-heads/background-gray/oc-274578-heads__oa-sn-ma-pgb.png,oc-274578-heads,oa-sn-ma-pgb,ambiguous,none,none,ambiguous,gray,black,gray,1024,1024,e7138345eb0a6c4d292691fc029e28d8c6056d77bc8969d99a7a433cccf7e1d2
oc-274578-heads__oa-sn-ma-pgw,images/oc-274578-heads/background-gray/oc-274578-heads__oa-sn-ma-pgw.png,oc-274578-heads,oa-sn-ma-pgw,ambiguous,none,none,ambiguous,gray,white,gray,1024,1024,542b568a0264d3eab2833cf8b0f4c9fea18c3a9da9fcba3f8dc6a52f6515ddbc
oc-274578-heads__oa-sn-mv-pgb,images/oc-274578-heads/background-gray/oc-274578-heads__oa-sn-mv-pgb.png,oc-274578-heads,oa-sn-mv-pgb,ambiguous,none,none,vase,gray,black,gray,1024,1024,55d53ae7300f84bcba7818f0bc2e20f585a661243e32cf24e5656411441894ee
oc-274578-heads__oa-sn-mv-pgw,images/oc-274578-heads/background-gray/oc-274578-heads__oa-sn-mv-pgw.png,oc-274578-heads,oa-sn-mv-pgw,ambiguous,none,none,vase,gray,white,gray,1024,1024,7e1fec40e2efd2014c9a62890a3939647c078d3bec92f5ed56f9283febe19480
oc-274578-heads__of-sf-ma-pbg,images/oc-274578-heads/background-gray/oc-274578-heads__of-sf-ma-pbg.png,oc-274578-heads,of-sf-ma-pbg,face,figure,face,ambiguous,black,gray,gray,1024,1024,7419e724966ebdf18c2adad376b332e75db443a33b0c92a860d75a23db19c39e
oc-274578-heads__of-sf-ma-pwg,images/oc-274578-heads/background-gray/oc-274578-heads__of-sf-ma-pwg.png,oc-274578-heads,of-sf-ma-pwg,face,figure,face,ambiguous,white,gray,gray,1024,1024,52749582e13431ce005bfb1659d043e6c2181892fab86fbe4a02c2dc62d37f10
oc-274578-heads__of-sn-ma-pbg,images/oc-274578-heads/background-gray/oc-274578-heads__of-sn-ma-pbg.png,oc-274578-heads,of-sn-ma-pbg,face,none,none,ambiguous,black,gray,gray,1024,1024,49b16b6549945394d9194226ba8476e46aa4e2e62274fd6fb160bebd90e780e9
oc-274578-heads__of-sn-ma-pwg,images/oc-274578-heads/background-gray/oc-274578-heads__of-sn-ma-pwg.png,oc-274578-heads,of-sn-ma-pwg,face,none,none,ambiguous,white,gray,gray,1024,1024,bf4c36143e289051f7361ea3b9db13554441e09ab854da0e24ce3de957506d8c
oc-274578-heads__oa-sf-ma-pwb,images/oc-274578-heads/background-white/oc-274578-heads__oa-sf-ma-pwb.png,oc-274578-heads,oa-sf-ma-pwb,ambiguous,figure,vase,ambiguous,white,black,white,1024,1024,491714e6e54a05fe16279bd872ed3b5d3e89543309db4118af93b5e5cc5bde6d
oc-274578-heads__oa-sf-ma-pwg,images/oc-274578-heads/background-white/oc-274578-heads__oa-sf-ma-pwg.png,oc-274578-heads,oa-sf-ma-pwg,ambiguous,figure,vase,ambiguous,white,gray,white,1024,1024,7a48965a8f3336b8b732de94aa61f981204f967bf27b851923a066064dcf5213
oc-274578-heads__oa-sn-ma-pwb,images/oc-274578-heads/background-white/oc-274578-heads__oa-sn-ma-pwb.png,oc-274578-heads,oa-sn-ma-pwb,ambiguous,none,none,ambiguous,white,black,white,1024,1024,ca258e899d54955a3179f8ba6692918758493e13850845502f8c9c1294887e4c
oc-274578-heads__oa-sn-ma-pwg,images/oc-274578-heads/background-white/oc-274578-heads__oa-sn-ma-pwg.png,oc-274578-heads,oa-sn-ma-pwg,ambiguous,none,none,ambiguous,white,gray,white,1024,1024,92a92ecfb3656dc87f72d50a7ffc5f695de10b70f8c0ac757a02be5b88b095d1
oc-274578-heads__oa-sn-mv-pwb,images/oc-274578-heads/background-white/oc-274578-heads__oa-sn-mv-pwb.png,oc-274578-heads,oa-sn-mv-pwb,ambiguous,none,none,vase,white,black,white,1024,1024,83a3e347df6ca67ffd706cefba6e910d7e7ba9fe29a0ced0c3cc0be4e5211539
oc-274578-heads__oa-sn-mv-pwg,images/oc-274578-heads/background-white/oc-274578-heads__oa-sn-mv-pwg.png,oc-274578-heads,oa-sn-mv-pwg,ambiguous,none,none,vase,white,gray,white,1024,1024,8be5ccbdcbb2b8f4814cce58904fa4c4eaa6feb2130ecbef5f3d639f0dbd01a8
oc-274578-heads__of-sf-ma-pbw,images/oc-274578-heads/background-white/oc-274578-heads__of-sf-ma-pbw.png,oc-274578-heads,of-sf-ma-pbw,face,figure,face,ambiguous,black,white,white,1024,1024,569705aad940e70ef1593c3bd5d8fa893dedf3cef36018edbf25573d3ddc83c5
oc-274578-heads__of-sf-ma-pgw,images/oc-274578-heads/background-white/oc-274578-heads__of-sf-ma-pgw.png,oc-274578-heads,of-sf-ma-pgw,face,figure,face,ambiguous,gray,white,white,1024,1024,33115f37350c7bbf662f93699fe15b2c0aa821afe17e601f9873284347f8b856
oc-274578-heads__of-sn-ma-pbw,images/oc-274578-heads/background-white/oc-274578-heads__of-sn-ma-pbw.png,oc-274578-heads,of-sn-ma-pbw,face,none,none,ambiguous,black,white,white,1024,1024,5fac8ba94df08dee34ead8b1e98ff7d084bf0670a37a718e7a094f0d33716af5
oc-274578-heads__of-sn-ma-pgw,images/oc-274578-heads/background-white/oc-274578-heads__of-sn-ma-pgw.png,oc-274578-heads,of-sn-ma-pgw,face,none,none,ambiguous,gray,white,white,1024,1024,3fcf6b83d84a2b64b7f98c18c60f2ccfb7c26da1608a5104920fa8f98d437d2e
user-bird__oa-sf-ma-pbg,images/user-bird/background-black/user-bird__oa-sf-ma-pbg.png,user-bird,oa-sf-ma-pbg,ambiguous,figure,vase,ambiguous,black,gray,black,1024,1024,74decfec0fe943234953dcca3f20d091a4f86121304d8a8066d480531be2b928
user-bird__oa-sf-ma-pbw,images/user-bird/background-black/user-bird__oa-sf-ma-pbw.png,user-bird,oa-sf-ma-pbw,ambiguous,figure,vase,ambiguous,black,white,black,1024,1024,f0ce1b97594d3241b730c203a3a0fbbd2c9b47f2dd2c7cd56eb883f92d3a20df
user-bird__oa-sn-ma-pbg,images/user-bird/background-black/user-bird__oa-sn-ma-pbg.png,user-bird,oa-sn-ma-pbg,ambiguous,none,none,ambiguous,black,gray,black,1024,1024,72aa678831789fbc27a5f5c839125f497da2dd39bb37b88b086b00d9b12760ed
user-bird__oa-sn-ma-pbw,images/user-bird/background-black/user-bird__oa-sn-ma-pbw.png,user-bird,oa-sn-ma-pbw,ambiguous,none,none,ambiguous,black,white,black,1024,1024,ff8c1d1e170d6c0987e7a65ac98678746481010f267bc329d0ec81f1f681b179
user-bird__oa-sn-mv-pbg,images/user-bird/background-black/user-bird__oa-sn-mv-pbg.png,user-bird,oa-sn-mv-pbg,ambiguous,none,none,vase,black,gray,black,1024,1024,38d0d37bec1a0b1bf39ea538f5b95c563d0e540c2efd49e2ac3d2344dd17dd51
user-bird__oa-sn-mv-pbw,images/user-bird/background-black/user-bird__oa-sn-mv-pbw.png,user-bird,oa-sn-mv-pbw,ambiguous,none,none,vase,black,white,black,1024,1024,dedc055d7330d281fb0b942186084619bdf52fd3a2755cf665654ece205c32b5
user-bird__of-sf-ma-pgb,images/user-bird/background-black/user-bird__of-sf-ma-pgb.png,user-bird,of-sf-ma-pgb,face,figure,face,ambiguous,gray,black,black,1024,1024,9703e8756405aea66f05f6cbee100b8b23112f685a6a4a5897130d1c6bbdffc0
user-bird__of-sf-ma-pwb,images/user-bird/background-black/user-bird__of-sf-ma-pwb.png,user-bird,of-sf-ma-pwb,face,figure,face,ambiguous,white,black,black,1024,1024,f279e1591d20f247dc0c1a5e0d9fbf229a217438af7e56816a5629282467fdff
user-bird__of-sn-ma-pgb,images/user-bird/background-black/user-bird__of-sn-ma-pgb.png,user-bird,of-sn-ma-pgb,face,none,none,ambiguous,gray,black,black,1024,1024,472ed6d8a1940a8a07e543cd52caf17de9dd303b757833d707ecee037e77d479
user-bird__of-sn-ma-pwb,images/user-bird/background-black/user-bird__of-sn-ma-pwb.png,user-bird,of-sn-ma-pwb,face,none,none,ambiguous,white,black,black,1024,1024,1f5584715e0c037a6ab659dc4cd54087122b3755acf0351029fbc2bf3e488db3
user-bird__oa-sf-ma-pgb,images/user-bird/background-gray/user-bird__oa-sf-ma-pgb.png,user-bird,oa-sf-ma-pgb,ambiguous,figure,vase,ambiguous,gray,black,gray,1024,1024,c232fef0682d8ab78e104603edcddb0eabad1cf7d0c03fb6dda3a8706be4830d
user-bird__oa-sf-ma-pgw,images/user-bird/background-gray/user-bird__oa-sf-ma-pgw.png,user-bird,oa-sf-ma-pgw,ambiguous,figure,vase,ambiguous,gray,white,gray,1024,1024,a7971c122fcbfe24e409432790ef78dd9c2cdec30314481b835b5fa915f76d6b
user-bird__oa-sn-ma-pgb,images/user-bird/background-gray/user-bird__oa-sn-ma-pgb.png,user-bird,oa-sn-ma-pgb,ambiguous,none,none,ambiguous,gray,black,gray,1024,1024,bdf07a0a86cbc056010908f9ae101491745bd48112cc23d5d3f457484095d286
user-bird__oa-sn-ma-pgw,images/user-bird/background-gray/user-bird__oa-sn-ma-pgw.png,user-bird,oa-sn-ma-pgw,ambiguous,none,none,ambiguous,gray,white,gray,1024,1024,a850a08afec6b5f15ffb38bbccfd942b696427bf554fbda5008a1c900c38c830
user-bird__oa-sn-mv-pgb,images/user-bird/background-gray/user-bird__oa-sn-mv-pgb.png,user-bird,oa-sn-mv-pgb,ambiguous,none,none,vase,gray,black,gray,1024,1024,0cc79342f1bfd2cd285732b45960d4850bbd20f75a254dce39344470b440026c
user-bird__oa-sn-mv-pgw,images/user-bird/background-gray/user-bird__oa-sn-mv-pgw.png,user-bird,oa-sn-mv-pgw,ambiguous,none,none,vase,gray,white,gray,1024,1024,e3fdd63dac71bd760ad80460e2cad0e33dac0f0dddfd185728a8c015bfd80fae
user-bird__of-sf-ma-pbg,images/user-bird/background-gray/user-bird__of-sf-ma-pbg.png,user-bird,of-sf-ma-pbg,face,figure,face,ambiguous,black,gray,gray,1024,1024,b51dc2abf7a1dbc9d1029e714f5d0c10aced5b91f045a751dad5d0bbadf1f057
user-bird__of-sf-ma-pwg,images/user-bird/background-gray/user-bird__of-sf-ma-pwg.png,user-bird,of-sf-ma-pwg,face,figure,face,ambiguous,white,gray,gray,1024,1024,fad1c492172b50f621173e934a29bbf030f72fbde9920d5365b4debf67abdbfd
user-bird__of-sn-ma-pbg,images/user-bird/background-gray/user-bird__of-sn-ma-pbg.png,user-bird,of-sn-ma-pbg,face,none,none,ambiguous,black,gray,gray,1024,1024,70c609578dee113e2e6ae120c5119da4cb52df76f7e03b906b557e3d62d9c9ca
user-bird__of-sn-ma-pwg,images/user-bird/background-gray/user-bird__of-sn-ma-pwg.png,user-bird,of-sn-ma-pwg,face,none,none,ambiguous,white,gray,gray,1024,1024,511359542e1cf5240e3bdec6926b51b5de8b1f7a7b37a8d25359875477bed710
user-bird__oa-sf-ma-pwb,images/user-bird/background-white/user-bird__oa-sf-ma-pwb.png,user-bird,oa-sf-ma-pwb,ambiguous,figure,vase,ambiguous,white,black,white,1024,1024,d63ce1777ad68482c0ed3c60e552e9eb56adcb431305eb13fdabb7b3ff10463b
user-bird__oa-sf-ma-pwg,images/user-bird/background-white/user-bird__oa-sf-ma-pwg.png,user-bird,oa-sf-ma-pwg,ambiguous,figure,vase,ambiguous,white,gray,white,1024,1024,61625afd9705af7a3cddb22e79451e8566942ee0d53252cfb5eb83794b464b1e
user-bird__oa-sn-ma-pwb,images/user-bird/background-white/user-bird__oa-sn-ma-pwb.png,user-bird,oa-sn-ma-pwb,ambiguous,none,none,ambiguous,white,black,white,1024,1024,f040d99fb35bb4037f8b1eb8014a827129700d87022fabe2fcb8cb36fb8d311a
user-bird__oa-sn-ma-pwg,images/user-bird/background-white/user-bird__oa-sn-ma-pwg.png,user-bird,oa-sn-ma-pwg,ambiguous,none,none,ambiguous,white,gray,white,1024,1024,d05c5b6b6b80b93ca13e0f33d5f5300c18b8870f2693578669e1b7b4c952bb38
user-bird__oa-sn-mv-pwb,images/user-bird/background-white/user-bird__oa-sn-mv-pwb.png,user-bird,oa-sn-mv-pwb,ambiguous,none,none,vase,white,black,white,1024,1024,869003d95d749732828f20d8753d56e3dc3b8dd22af7da1713f3c2ad7db8a75c
user-bird__oa-sn-mv-pwg,images/user-bird/background-white/user-bird__oa-sn-mv-pwg.png,user-bird,oa-sn-mv-pwg,ambiguous,none,none,vase,white,gray,white,1024,1024,1aa8807e0f11c74f62db845293e1211a9392c207d47196fd99d1d8d65aa3ec9d
user-bird__of-sf-ma-pbw,images/user-bird/background-white/user-bird__of-sf-ma-pbw.png,user-bird,of-sf-ma-pbw,face,figure,face,ambiguous,black,white,white,1024,1024,3e9f9d377482803eff057ac808b9a39941c39c6dc19d084e0661b7ef59563a62
user-bird__of-sf-ma-pgw,images/user-bird/background-white/user-bird__of-sf-ma-pgw.png,user-bird,of-sf-ma-pgw,face,figure,face,ambiguous,gray,white,white,1024,1024,0f6a476f94fad96015035b77fea03a1a988adfeece7dc3d4a82a543f0ff91b16
user-bird__of-sn-ma-pbw,images/user-bird/background-white/user-bird__of-sn-ma-pbw.png,user-bird,of-sn-ma-pbw,face,none,none,ambiguous,black,white,white,1024,1024,780c3b37c00136a9ba4d9cbd1e26f8f7691a491eb1710a194d9ee98b98e5146a
user-bird__of-sn-ma-pgw,images/user-bird/background-white/user-bird__of-sn-ma-pgw.png,user-bird,of-sn-ma-pgw,face,none,none,ambiguous,gray,white,white,1024,1024,37a6d596f27bce681df7feeaae5a8414cdc723d436fcb7c7abef387e297d5009
user-dog__oa-sf-ma-pbg,images/user-dog/background-black/user-dog__oa-sf-ma-pbg.png,user-dog,oa-sf-ma-pbg,ambiguous,figure,vase,ambiguous,black,gray,black,1024,1024,cd264d3d5133578e9fd58921cecb59a47667709833ca53db5b5dffdc3590a184
user-dog__oa-sf-ma-pbw,images/user-dog/background-black/user-dog__oa-sf-ma-pbw.png,user-dog,oa-sf-ma-pbw,ambiguous,figure,vase,ambiguous,black,white,black,1024,1024,f223af10c39887d1870d2069bf064b1e2f3d6f9b4028621af2d1a5d107a1540a
user-dog__oa-sn-ma-pbg,images/user-dog/background-black/user-dog__oa-sn-ma-pbg.png,user-dog,oa-sn-ma-pbg,ambiguous,none,none,ambiguous,black,gray,black,1024,1024,00a2ada818b6ca82d342a2bad447d69454f565e0c79a35a99dac8df80ec724ae
user-dog__oa-sn-ma-pbw,images/user-dog/background-black/user-dog__oa-sn-ma-pbw.png,user-dog,oa-sn-ma-pbw,ambiguous,none,none,ambiguous,black,white,black,1024,1024,5328090ebd277d1d6a176238c687d1eb7ac7f011b64316da875952bbfad83c0d
user-dog__oa-sn-mv-pbg,images/user-dog/background-black/user-dog__oa-sn-mv-pbg.png,user-dog,oa-sn-mv-pbg,ambiguous,none,none,vase,black,gray,black,1024,1024,29dd4e9a78c663733a7aecec2e1355d3b047a9b27c769429856b3721b0cf97c2
user-dog__oa-sn-mv-pbw,images/user-dog/background-black/user-dog__oa-sn-mv-pbw.png,user-dog,oa-sn-mv-pbw,ambiguous,none,none,vase,black,white,black,1024,1024,3f57296f88107dd589efc881065840abee453126d3b021a3a9b195120c788644
user-dog__of-sf-ma-pgb,images/user-dog/background-black/user-dog__of-sf-ma-pgb.png,user-dog,of-sf-ma-pgb,face,figure,face,ambiguous,gray,black,black,1024,1024,815cc72ee471ff1fa7fe89053a14061e153bd72096c754e321992544613600c2
user-dog__of-sf-ma-pwb,images/user-dog/background-black/user-dog__of-sf-ma-pwb.png,user-dog,of-sf-ma-pwb,face,figure,face,ambiguous,white,black,black,1024,1024,3222f8af65d7d51658b0241aea0073220a733bc85b3218e04248798b4eb7cfbe
user-dog__of-sn-ma-pgb,images/user-dog/background-black/user-dog__of-sn-ma-pgb.png,user-dog,of-sn-ma-pgb,face,none,none,ambiguous,gray,black,black,1024,1024,35dca551d8da099efe585533b2f589c27d9a23fa6bdb0087a9d25988af961337
user-dog__of-sn-ma-pwb,images/user-dog/background-black/user-dog__of-sn-ma-pwb.png,user-dog,of-sn-ma-pwb,face,none,none,ambiguous,white,black,black,1024,1024,63b335324fc3276829552a18b7cdcd7f08617eb48794acf14714f05d92a4773e
user-dog__oa-sf-ma-pgb,images/user-dog/background-gray/user-dog__oa-sf-ma-pgb.png,user-dog,oa-sf-ma-pgb,ambiguous,figure,vase,ambiguous,gray,black,gray,1024,1024,f7cc68306169cc09be00938732ebf56c7854a611b84be6a89b5b1797b8d61363
user-dog__oa-sf-ma-pgw,images/user-dog/background-gray/user-dog__oa-sf-ma-pgw.png,user-dog,oa-sf-ma-pgw,ambiguous,figure,vase,ambiguous,gray,white,gray,1024,1024,df948c9b0bb31d2d4f16feb13ac809edaf145f33fe960b8d82a3879d2f89f003
user-dog__oa-sn-ma-pgb,images/user-dog/background-gray/user-dog__oa-sn-ma-pgb.png,user-dog,oa-sn-ma-pgb,ambiguous,none,none,ambiguous,gray,black,gray,1024,1024,8bd7e1042ac6e61ab29bb215946b16a656cf49c5ded25b86f1d4ede370578654
user-dog__oa-sn-ma-pgw,images/user-dog/background-gray/user-dog__oa-sn-ma-pgw.png,user-dog,oa-sn-ma-pgw,ambiguous,none,none,ambiguous,gray,white,gray,1024,1024,49fa1725d8a0c9d7ba4a23eaf744eb1ffff4ec50ca96915a4c36f8fda77d8e51
user-dog__oa-sn-mv-pgb,images/user-dog/background-gray/user-dog__oa-sn-mv-pgb.png,user-dog,oa-sn-mv-pgb,ambiguous,none,none,vase,gray,black,gray,1024,1024,ae3b7883c2035c71d15414a52c272c1471a1f390d2a9f5ac59a5230994b19e00
user-dog__oa-sn-mv-pgw,images/user-dog/background-gray/user-dog__oa-sn-mv-pgw.png,user-dog,oa-sn-mv-pgw,ambiguous,none,none,vase,gray,white,gray,1024,1024,8fab41072c61b771d7bc5d4a47fbaac1c0b659ba2decafaf5eb3c3e83aa0dad7
user-dog__of-sf-ma-pbg,images/user-dog/background-gray/user-dog__of-sf-ma-pbg.png,user-dog,of-sf-ma-pbg,face,figure,face,ambiguous,black,gray,gray,1024,1024,c4eb7f49367fbd1c3d6d8ecec881dcffd7cf8b1b3d129c9800de21f19a99d7ec
user-dog__of-sf-ma-pwg,images/user-dog/background-gray/user-dog__of-sf-ma-pwg.png,user-dog,of-sf-ma-pwg,face,figure,face,ambiguous,white,gray,gray,1024,1024,ebf8020cdfc67989ef1b0c3603df0668fa0e9de78439a5627fde3cac5cfc9fa8
user-dog__of-sn-ma-pbg,images/user-dog/background-gray/user-dog__of-sn-ma-pbg.png,user-dog,of-sn-ma-pbg,face,none,none,ambiguous,black,gray,gray,1024,1024,2621a5b6427640604f95dafef70883180b5f7941dd65c1c75b6eae51cda77ed4
user-dog__of-sn-ma-pwg,images/user-dog/background-gray/user-dog__of-sn-ma-pwg.png,user-dog,of-sn-ma-pwg,face,none,none,ambiguous,white,gray,gray,1024,1024,453349f0ee19501466312d6c262364537de431d8121ecafa2621f69992a1b834
user-dog__oa-sf-ma-pwb,images/user-dog/background-white/user-dog__oa-sf-ma-pwb.png,user-dog,oa-sf-ma-pwb,ambiguous,figure,vase,ambiguous,white,black,white,1024,1024,2e6bc0d9a4fb9b44c59e75ec7345c434092e3ba65d927fe46beeec1d1664dd0c
user-dog__oa-sf-ma-pwg,images/user-dog/background-white/user-dog__oa-sf-ma-pwg.png,user-dog,oa-sf-ma-pwg,ambiguous,figure,vase,ambiguous,white,gray,white,1024,1024,ab6e850e824ca17fd3c50045b303a871a24b9f2606b69ab483ef6a7034967bec
user-dog__oa-sn-ma-pwb,images/user-dog/background-white/user-dog__oa-sn-ma-pwb.png,user-dog,oa-sn-ma-pwb,ambiguous,none,none,ambiguous,white,black,white,1024,1024,2e978d0a0b6327fd446467b589ca2e9d1df26e3fed292c55b5155a9c0a9ba750
user-dog__oa-sn-ma-pwg,images/user-dog/background-white/user-dog__oa-sn-ma-pwg.png,user-dog,oa-sn-ma-pwg,ambiguous,none,none,ambiguous,white,gray,white,1024,1024,c91b7500eacf87a334295510212de9d0d78b2097bd2c00400f52b07dfefc0b56
user-dog__oa-sn-mv-pwb,images/user-dog/background-white/user-dog__oa-sn-mv-pwb.png,user-dog,oa-sn-mv-pwb,ambiguous,none,none,vase,white,black,white,1024,1024,971b99376d2707c00619bb1c81953c9600a5035af7d37a2994543a84f78543bf
user-dog__oa-sn-mv-pwg,images/user-dog/background-white/user-dog__oa-sn-mv-pwg.png,user-dog,oa-sn-mv-pwg,ambiguous,none,none,vase,white,gray,white,1024,1024,6c7892459e626252ce4a7c75f9a25a292e4a1ebbc855a2bf84f45f09897aba6c
user-dog__of-sf-ma-pbw,images/user-dog/background-white/user-dog__of-sf-ma-pbw.png,user-dog,of-sf-ma-pbw,face,figure,face,ambiguous,black,white,white,1024,1024,a175ae748617668992a188665c9ac9614cc2de96a0bf63371da7f69b8a430f84
user-dog__of-sf-ma-pgw,images/user-dog/background-white/user-dog__of-sf-ma-pgw.png,user-dog,of-sf-ma-pgw,face,figure,face,ambiguous,gray,white,white,1024,1024,1c227a8e3096a4e206e5eef80191a665e3a1b90b93c48306302dfc732b68dc78
user-dog__of-sn-ma-pbw,images/user-dog/background-white/user-dog__of-sn-ma-pbw.png,user-dog,of-sn-ma-pbw,face,none,none,ambiguous,black,white,white,1024,1024,baf560b88e52264f46eb1262475d6d5926d6a6d1aa69093662bce1aa0bc1afa5
user-dog__of-sn-ma-pgw,images/user-dog/background-white/user-dog__of-sn-ma-pgw.png,user-dog,of-sn-ma-pgw,face,none,none,ambiguous,gray,white,white,1024,1024,63ae86be57bbaab446a34ad47b53a446c1ae81b21ab10ebc8441350a40dc4052
user-macaque__oa-sf-ma-pbg,images/user-macaque/background-black/user-macaque__oa-sf-ma-pbg.png,user-macaque,oa-sf-ma-pbg,ambiguous,figure,vase,ambiguous,black,gray,black,1024,1024,ebb03eea8812c9d34997f15de3b77f6841d145d733d1d04ac4708b08156186e6
user-macaque__oa-sf-ma-pbw,images/user-macaque/background-black/user-macaque__oa-sf-ma-pbw.png,user-macaque,oa-sf-ma-pbw,ambiguous,figure,vase,ambiguous,black,white,black,1024,1024,a4479cd86d80008fdd3d2ce6934976c25a5c9a0b53870e27463394df251c0743
user-macaque__oa-sn-ma-pbg,images/user-macaque/background-black/user-macaque__oa-sn-ma-pbg.png,user-macaque,oa-sn-ma-pbg,ambiguous,none,none,ambiguous,black,gray,black,1024,1024,eabeeb84a2a2bed77a6ca14bbf70afdd545d7a19b610ee0d2269d77220727b2f
user-macaque__oa-sn-ma-pbw,images/user-macaque/background-black/user-macaque__oa-sn-ma-pbw.png,user-macaque,oa-sn-ma-pbw,ambiguous,none,none,ambiguous,black,white,black,1024,1024,4bc4c42b711e9dca5a676b7011d12852b6b14c193816bc1bc8a80a55c1603fe1
user-macaque__oa-sn-mv-pbg,images/user-macaque/background-black/user-macaque__oa-sn-mv-pbg.png,user-macaque,oa-sn-mv-pbg,ambiguous,none,none,vase,black,gray,black,1024,1024,2241d60c0b2a1af92a35331bf4459e5a3dcbd2c939fbe232e9fd306d4d0dcb54
user-macaque__oa-sn-mv-pbw,images/user-macaque/background-black/user-macaque__oa-sn-mv-pbw.png,user-macaque,oa-sn-mv-pbw,ambiguous,none,none,vase,black,white,black,1024,1024,8cce0d12d1ea44103b5414fdc513b68e8c58f87c2dc1bda5c6748e8cfd4a909f
user-macaque__of-sf-ma-pgb,images/user-macaque/background-black/user-macaque__of-sf-ma-pgb.png,user-macaque,of-sf-ma-pgb,face,figure,face,ambiguous,gray,black,black,1024,1024,2da5b2ce6b97411a439ebf751f320306143a406e3283035cadff8b5cf0e20c79
user-macaque__of-sf-ma-pwb,images/user-macaque/background-black/user-macaque__of-sf-ma-pwb.png,user-macaque,of-sf-ma-pwb,face,figure,face,ambiguous,white,black,black,1024,1024,2ba55fae98c529b209ec73e6af23451b9fa63ad6006bce31d018fd8b23372142
user-macaque__of-sn-ma-pgb,images/user-macaque/background-black/user-macaque__of-sn-ma-pgb.png,user-macaque,of-sn-ma-pgb,face,none,none,ambiguous,gray,black,black,1024,1024,69fe92c401ca85816db8023b967ec3e752f8edcd67d0a196f629910863de095b
user-macaque__of-sn-ma-pwb,images/user-macaque/background-black/user-macaque__of-sn-ma-pwb.png,user-macaque,of-sn-ma-pwb,face,none,none,ambiguous,white,black,black,1024,1024,e1977fb21129e431cd42ab6e470734de5c10291f86e3a3c93cb79188fb8fbb5b
user-macaque__oa-sf-ma-pgb,images/user-macaque/background-gray/user-macaque__oa-sf-ma-pgb.png,user-macaque,oa-sf-ma-pgb,ambiguous,figure,vase,ambiguous,gray,black,gray,1024,1024,10e871eba14537eff84862e013887622f4d7543358ea25aa73bfa88d1139e274
user-macaque__oa-sf-ma-pgw,images/user-macaque/background-gray/user-macaque__oa-sf-ma-pgw.png,user-macaque,oa-sf-ma-pgw,ambiguous,figure,vase,ambiguous,gray,white,gray,1024,1024,e14cc72586eca28bbce62852374bc160c3c7d2bc31f333ec9e387bcc954f969a
user-macaque__oa-sn-ma-pgb,images/user-macaque/background-gray/user-macaque__oa-sn-ma-pgb.png,user-macaque,oa-sn-ma-pgb,ambiguous,none,none,ambiguous,gray,black,gray,1024,1024,c4b8d7fe890ebc50f231c1f7e0bffd2c02790a7f2e17552822494fe8bef95354
user-macaque__oa-sn-ma-pgw,images/user-macaque/background-gray/user-macaque__oa-sn-ma-pgw.png,user-macaque,oa-sn-ma-pgw,ambiguous,none,none,ambiguous,gray,white,gray,1024,1024,e8d6af3d3a3fdd813675c181b6a7882fc7dcd1b79a2c0de28b109afac4a7d83d
user-macaque__oa-sn-mv-pgb,images/user-macaque/background-gray/user-macaque__oa-sn-mv-pgb.png,user-macaque,oa-sn-mv-pgb,ambiguous,none,none,vase,gray,black,gray,1024,1024,673c4ef98ec6c1e4f919471859bb9feb17563cc217c6378bcd339d6d3344c934
user-macaque__oa-sn-mv-pgw,images/user-macaque/background-gray/user-macaque__oa-sn-mv-pgw.png,user-macaque,oa-sn-mv-pgw,ambiguous,none,none,vase,gray,white,gray,1024,1024,d811cdc479fb3274703ea9c709971ff02d4e7b0715a3696592a6130142c79e9e
user-macaque__of-sf-ma-pbg,images/user-macaque/background-gray/user-macaque__of-sf-ma-pbg.png,user-macaque,of-sf-ma-pbg,face,figure,face,ambiguous,black,gray,gray,1024,1024,498aec5d447823b861514c39fb9e30c88e76a67bc4420a33769a997bdb0b31fe
user-macaque__of-sf-ma-pwg,images/user-macaque/background-gray/user-macaque__of-sf-ma-pwg.png,user-macaque,of-sf-ma-pwg,face,figure,face,ambiguous,white,gray,gray,1024,1024,97bc48bce90eb00aabd3a96401a0dd48de505ab8bf324b1862de47ff53aa4ddb
user-macaque__of-sn-ma-pbg,images/user-macaque/background-gray/user-macaque__of-sn-ma-pbg.png,user-macaque,of-sn-ma-pbg,face,none,none,ambiguous,black,gray,gray,1024,1024,232e7fc53cbb60af09a55788efce82d642b68c63841e2b2085a48784e75aff2a
user-macaque__of-sn-ma-pwg,images/user-macaque/background-gray/user-macaque__of-sn-ma-pwg.png,user-macaque,of-sn-ma-pwg,face,none,none,ambiguous,white,gray,gray,1024,1024,bc810ebb8ed9287e2c762ec1177decb2b8c2b6fcac8e50d06c1df6cfbea189c1
user-macaque__oa-sf-ma-pwb,images/user-macaque/background-white/user-macaque__oa-sf-ma-pwb.png,user-macaque,oa-sf-ma-pwb,ambiguous,figure,vase,ambiguous,white,black,white,1024,1024,8b027adea4714a9f2a65b4e566476d52808576ff084a0a05d715668a1ee94011
user-macaque__oa-sf-ma-pwg,images/user-macaque/background-white/user-macaque__oa-sf-ma-pwg.png,user-macaque,oa-sf-ma-pwg,ambiguous,figure,vase,ambiguous,white,gray,white,1024,1024,a2083ddf861057df3de2e26d988134754aba0720fba056f4f01a7da24e04d199
user-macaque__oa-sn-ma-pwb,images/user-macaque/background-white/user-macaque__oa-sn-ma-pwb.png,user-macaque,oa-sn-ma-pwb,ambiguous,none,none,ambiguous,white,black,white,1024,1024,b4b823021bd4e948f5b27daa81918587fb99d2e7b79e55bf75630ffbfbc63e57
user-macaque__oa-sn-ma-pwg,images/user-macaque/background-white/user-macaque__oa-sn-ma-pwg.png,user-macaque,oa-sn-ma-pwg,ambiguous,none,none,ambiguous,white,gray,white,1024,1024,0a892a5fa08193c194ea279da9fe947f6577fd5b3cf895002a266f12a0414d3b
user-macaque__oa-sn-mv-pwb,images/user-macaque/background-white/user-macaque__oa-sn-mv-pwb.png,user-macaque,oa-sn-mv-pwb,ambiguous,none,none,vase,white,black,white,1024,1024,85bff9a725e0a879aa667bd408ce5cbee8d1d190e9c613f275a90741e6a42e10
user-macaque__oa-sn-mv-pwg,images/user-macaque/background-white/user-macaque__oa-sn-mv-pwg.png,user-macaque,oa-sn-mv-pwg,ambiguous,none,none,vase,white,gray,white,1024,1024,3a61053fc92e6c81fb426c46b061b6165b8d9b20fb278bba910e84eb7c0b5cd8
user-macaque__of-sf-ma-pbw,images/user-macaque/background-white/user-macaque__of-sf-ma-pbw.png,user-macaque,of-sf-ma-pbw,face,figure,face,ambiguous,black,white,white,1024,1024,32e9320430097302dea2391b9e05466cb11d645d0af0c05f1615ef0e33531146
user-macaque__of-sf-ma-pgw,images/user-macaque/background-white/user-macaque__of-sf-ma-pgw.png,user-macaque,of-sf-ma-pgw,face,figure,face,ambiguous,gray,white,white,1024,1024,a9ee54a57f4b722f2804aecce5dc046ecb5479742bfdaaebbca96e42f4d98fd0
user-macaque__of-sn-ma-pbw,images/user-macaque/background-white/user-macaque__of-sn-ma-pbw.png,user-macaque,of-sn-ma-pbw,face,none,none,ambiguous,black,white,white,1024,1024,c563ed8318217fcb79908fa25ba394ed90407446b291e889ee25615f38e2ffd1
user-macaque__of-sn-ma-pgw,images/user-macaque/background-white/user-macaque__of-sn-ma-pgw.png,user-macaque,of-sn-ma-pgw,face,none,none,ambiguous,gray,white,white,1024,1024,25e43f50606de22f58aeb3f00ba10edd5b87b03f58ef0e375fbe419a14218e31
user-woman__oa-sf-ma-pbg,images/user-woman/background-black/user-woman__oa-sf-ma-pbg.png,user-woman,oa-sf-ma-pbg,ambiguous,figure,vase,ambiguous,black,gray,black,1024,1024,295bf13fa33ad38e90763a455675fc403754ca2b6abbd61e48a142ae5c225181
user-woman__oa-sf-ma-pbw,images/user-woman/background-black/user-woman__oa-sf-ma-pbw.png,user-woman,oa-sf-ma-pbw,ambiguous,figure,vase,ambiguous,black,white,black,1024,1024,40ea62677d8e479069613a30f7a1c429df30e741248f90e6f6ecb9e8ccc825ce
user-woman__oa-sn-ma-pbg,images/user-woman/background-black/user-woman__oa-sn-ma-pbg.png,user-woman,oa-sn-ma-pbg,ambiguous,none,none,ambiguous,black,gray,black,1024,1024,bc6e932064b9dff09e343e6d9b3184cc8020789c76b9a3a342f2f89485ce4e45
user-woman__oa-sn-ma-pbw,images/user-woman/background-black/user-woman__oa-sn-ma-pbw.png,user-woman,oa-sn-ma-pbw,ambiguous,none,none,ambiguous,black,white,black,1024,1024,95969a7897b34ca5690a8ed9a7b5da0bea883ea26876abf1fa96615db2c858a0
user-woman__oa-sn-mv-pbg,images/user-woman/background-black/user-woman__oa-sn-mv-pbg.png,user-woman,oa-sn-mv-pbg,ambiguous,none,none,vase,black,gray,black,1024,1024,12d9d0356e88598d2464c932bd9e9cfb207555ce841837ff8b11b71cb990dd0f
user-woman__oa-sn-mv-pbw,images/user-woman/background-black/user-woman__oa-sn-mv-pbw.png,user-woman,oa-sn-mv-pbw,ambiguous,none,none,vase,black,white,black,1024,1024,a3a5943652d1537b4a494546f61314d44a6232bb84d47d8c64670d7417b0e0ee
user-woman__of-sf-ma-pgb,images/user-woman/background-black/user-woman__of-sf-ma-pgb.png,user-woman,of-sf-ma-pgb,face,figure,face,ambiguous,gray,black,black,1024,1024,492b55e01ff36eea1d6639085c832f9b0eb4f410e50a0df921f4410b4c44590f
user-woman__of-sf-ma-pwb,images/user-woman/background-black/user-woman__of-sf-ma-pwb.png,user-woman,of-sf-ma-pwb,face,figure,face,ambiguous,white,black,black,1024,1024,025abfcdc50d143d3f56cd352bb2b738cd67eefa87781e4b15547654ccb159b7
user-woman__of-sn-ma-pgb,images/user-woman/background-black/user-woman__of-sn-ma-pgb.png,user-woman,of-sn-ma-pgb,face,none,none,ambiguous,gray,black,black,1024,1024,fffac1bf6140a30c83175dfc0584e770fc71169dc4fe6af61a2deac9f552f0cf
user-woman__of-sn-ma-pwb,images/user-woman/background-black/user-woman__of-sn-ma-pwb.png,user-woman,of-sn-ma-pwb,face,none,none,ambiguous,white,black,black,1024,1024,4fce2f5ae614dc357ca32447c9fdaa1dc943b52e27129e08e6fecf6f5f4b97e3
user-woman__oa-sf-ma-pgb,images/user-woman/background-gray/user-woman__oa-sf-ma-pgb.png,user-woman,oa-sf-ma-pgb,ambiguous,figure,vase,ambiguous,gray,black,gray,1024,1024,acee4607829c3bfb5271c0079769485b223e2bb39d40dc754be27f6869352bdd
user-woman__oa-sf-ma-pgw,images/user-woman/background-gray/user-woman__oa-sf-ma-pgw.png,user-woman,oa-sf-ma-pgw,ambiguous,figure,vase,ambiguous,gray,white,gray,1024,1024,175b5b762e1be59dbcc216b6b6a3f19c7e9aa941021c48c2918099cfc7e5e598
user-woman__oa-sn-ma-pgb,images/user-woman/background-gray/user-woman__oa-sn-ma-pgb.png,user-woman,oa-sn-ma-pgb,ambiguous,none,none,ambiguous,gray,black,gray,1024,1024,965f830c210f8750ac1909633b6b413677da29d19fe7eb915bfcb6d5bf458aaa
user-woman__oa-sn-ma-pgw,images/user-woman/background-gray/user-woman__oa-sn-ma-pgw.png,user-woman,oa-sn-ma-pgw,ambiguous,none,none,ambiguous,gray,white,gray,1024,1024,353c2bbf4acaf067c8cd1aa657a13b071b704b064d1aa8e042ad601ac9f5fc0b
user-woman__oa-sn-mv-pgb,images/user-woman/background-gray/user-woman__oa-sn-mv-pgb.png,user-woman,oa-sn-mv-pgb,ambiguous,none,none,vase,gray,black,gray,1024,1024,72d1517b3c67d5e70fc41db80e6bab11e64eb2c7f0841f5a7927b676f72c9c38
user-woman__oa-sn-mv-pgw,images/user-woman/background-gray/user-woman__oa-sn-mv-pgw.png,user-woman,oa-sn-mv-pgw,ambiguous,none,none,vase,gray,white,gray,1024,1024,9412bec777616f4ab54d825e90db5a2b65ea74daa71952caa27f4cff5b2730a7
user-woman__of-sf-ma-pbg,images/user-woman/background-gray/user-woman__of-sf-ma-pbg.png,user-woman,of-sf-ma-pbg,face,figure,face,ambiguous,black,gray,gray,1024,1024,be6f27cf42da287c1af2f0637aa8bc309f8aa967d8f9dd37137f0626ce5d451d
user-woman__of-sf-ma-pwg,images/user-woman/background-gray/user-woman__of-sf-ma-pwg.png,user-woman,of-sf-ma-pwg,face,figure,face,ambiguous,white,gray,gray,1024,1024,a4b2cb1d61de24e94823cf9b4c38858fbb9c8a1aa0a9ee6efe2c2a2057a6002e
user-woman__of-sn-ma-pbg,images/user-woman/background-gray/user-woman__of-sn-ma-pbg.png,user-woman,of-sn-ma-pbg,face,none,none,ambiguous,black,gray,gray,1024,1024,2b69af192badab285c98a783b2ff2e032615e1c16873fabcb3327989eefe8f2c
user-woman__of-sn-ma-pwg,images/user-woman/background-gray/user-woman__of-sn-ma-pwg.png,user-woman,of-sn-ma-pwg,face,none,none,ambiguous,white,gray,gray,1024,1024,0e972c36e2b510c882e3556a3036da9505fd708a318e70cd06a53633938d3927
user-woman__oa-sf-ma-pwb,images/user-woman/background-white/user-woman__oa-sf-ma-pwb.png,user-woman,oa-sf-ma-pwb,ambiguous,figure,vase,ambiguous,white,black,white,1024,1024,9c4b0d5b3677d81f07757afb1a3ca795ef8feb7b80bbbec4c878514df5ee86f6
user-woman__oa-sf-ma-pwg,images/user-woman/background-white/user-woman__oa-sf-ma-pwg.png,user-woman,oa-sf-ma-pwg,ambiguous,figure,vase,ambiguous,white,gray,white,1024,1024,4262aba615d4401a4bde146b5e0d6250c8ea373bddd68579259df22a30f3b919
user-woman__oa-sn-ma-pwb,images/user-woman/background-white/user-woman__oa-sn-ma-pwb.png,user-woman,oa-sn-ma-pwb,ambiguous,none,none,ambiguous,white,black,white,1024,1024,b0497a33069dd110dd951c5b93eb1322d0a373b34f9a36517e0c075fc5bb208e
user-woman__oa-sn-ma-pwg,images/user-woman/background-white/user-woman__oa-sn-ma-pwg.png,user-woman,oa-sn-ma-pwg,ambiguous,none,none,ambiguous,white,gray,white,1024,1024,1dd4abaed8a01aef0d13b55b0a6b57e0a911f6d3c4f2b1cd583068f0b90a0e9b
user-woman__oa-sn-mv-pwb,images/user-woman/background-white/user-woman__oa-sn-mv-pwb.png,user-woman,oa-sn-mv-pwb,ambiguous,none,none,vase,white,black,white,1024,1024,6a2056671939ce09fbf599ff909e24760bbc6ce176bf6efd0542b4584cef0cf7
user-woman__oa-sn-mv-pwg,images/user-woman/background-white/user-woman__oa-sn-mv-pwg.png,user-woman,oa-sn-mv-pwg,ambiguous,none,none,vase,white,gray,white,1024,1024,2ca35a6e1ad16886b45e4adf364a78bf87a2e8b4a5f19176fa72fb5877dc44ad
user-woman__of-sf-ma-pbw,images/user-woman/background-white/user-woman__of-sf-ma-pbw.png,user-woman,of-sf-ma-pbw,face,figure,face,ambiguous,black,white,white,1024,1024,f685c19a9a5f67babc50f6bda874cfd2855d77ab7d9c50633502f220552741df
user-woman__of-sf-ma-pgw,images/user-woman/background-white/user-woman__of-sf-ma-pgw.png,user-woman,of-sf-ma-pgw,face,figure,face,ambiguous,gray,white,white,1024,1024,7f13b9b2095840fbad0b495270b6284b8c826c9deda0b20b7ff11f62ab9d9573
user-woman__of-sn-ma-pbw,images/user-woman/background-white/user-woman__of-sn-ma-pbw.png,user-woman,of-sn-ma-pbw,face,none,none,ambiguous,black,white,white,1024,1024,3b663e1b2ef55812ae44ea926244983d6934bd239894b6b915f9ec13c9f70ca7
user-woman__of-sn-ma-pgw,images/user-woman/background-white/user-woman__of-sn-ma-pgw.png,user-woman,of-sn-ma-pgw,face,none,none,ambiguous,gray,white,white,1024,1024,0947c70b8d980a88c3b6d50a9825d679976322c4e5fc0b4e6b2ede9a2a85ef57
wm-bysa-classic__oa-sf-ma-pbg,images/wm-bysa-classic/background-black/wm-bysa-classic__oa-sf-ma-pbg.png,wm-bysa-classic,oa-sf-ma-pbg,ambiguous,figure,vase,ambiguous,black,gray,black,1024,1024,52c4579a250cbbe9ba7b67819f4cb768eef7b00a881fd17d64b1ceaccaf7c82c
wm-bysa-classic__oa-sf-ma-pbw,images/wm-bysa-classic/background-black/wm-bysa-classic__oa-sf-ma-pbw.png,wm-bysa-classic,oa-sf-ma-pbw,ambiguous,figure,vase,ambiguous,black,white,black,1024,1024,33afbe95d348114c1238db8de41bc7382317147900aadc9dc1cf0944f0e66952
wm-bysa-classic__oa-sn-ma-pbg,images/wm-bysa-classic/background-black/wm-bysa-classic__oa-sn-ma-pbg.png,wm-bysa-classic,oa-sn-ma-pbg,ambiguous,none,none,ambiguous,black,gray,black,1024,1024,9abe53605217b35e1a619f8440aab6882ed48d8eaef27ee80b699192019e8c6e
wm-bysa-classic__oa-sn-ma-pbw,images/wm-bysa-classic/background-black/wm-bysa-classic__oa-sn-ma-pbw.png,wm-bysa-classic,oa-sn-ma-pbw,ambiguous,none,none,ambiguous,black,white,black,1024,1024,b00ce05905973920c64d5ee84e8cca178df887f8bda527d388a61d735f563303
wm-bysa-classic__oa-sn-mv-pbg,images/wm-bysa-classic/background-black/wm-bysa-classic__oa-sn-mv-pbg.png,wm-bysa-classic,oa-sn-mv-pbg,ambiguous,none,none,vase,black,gray,black,1024,1024,7f3aa0eb77f2842984fbc7f1b70c86c3d7ef8a5f9ea305fde241f7c2d503eb5f
wm-bysa-classic__oa-sn-mv-pbw,images/wm-bysa-classic/background-black/wm-bysa-classic__oa-sn-mv-pbw.png,wm-bysa-classic,oa-sn-mv-pbw,ambiguous,none,none,vase,black,white,black,1024,1024,03a472c288ad5e22f37a48774fdff6da89f0477642e910de482837dbb8c1cd17
wm-bysa-classic__of-sf-ma-pgb,images/wm-bysa-classic/background-black/wm-bysa-classic__of-sf-ma-pgb.png,wm-bysa-classic,of-sf-ma-pgb,face,figure,face,ambiguous,gray,black,black,1024,1024,c38f2e4dbd0a645d53271b0844766cb07d8dffa0e83de0350b9708edf579598b
wm-bysa-classic__of-sf-ma-pwb,images/wm-bysa-classic/background-black/wm-bysa-classic__of-sf-ma-pwb.png,wm-bysa-classic,of-sf-ma-pwb,face,figure,face,ambiguous,white,black,black,1024,1024,70e2ff111aa95686dbaf3ed37ecfb554df46e266e523a77260a536d8afd5d763
wm-bysa-classic__of-sn-ma-pgb,images/wm-bysa-classic/background-black/wm-bysa-classic__of-sn-ma-pgb.png,wm-bysa-classic,of-sn-ma-pgb,face,none,none,ambiguous,gray,black,black,1024,1024,ad836eb4c4010564ff2d01860cbe9a6e8e9fdf634a091cd57735a84c527426f0
wm-bysa-classic__of-sn-ma-pwb,images/wm-bysa-classic/background-black/wm-bysa-classic__of-sn-ma-pwb.png,wm-bysa-classic,of-sn-ma-pwb,face,none,none,ambiguous,white,black,black,1024,1024,16ba2b00fa0111e4feb63040a6d21c0d28057fc7b7c2486b4f087658aa418a2c
wm-bysa-classic__oa-sf-ma-pgb,images/wm-bysa-classic/background-gray/wm-bysa-classic__oa-sf-ma-pgb.png,wm-bysa-classic,oa-sf-ma-pgb,ambiguous,figure,vase,ambiguous,gray,black,gray,1024,1024,f111ef0495083b18b5a68b65f88480ac3d7e11987de589f642e2e6c750475981
wm-bysa-classic__oa-sf-ma-pgw,images/wm-bysa-classic/background-gray/wm-bysa-classic__oa-sf-ma-pgw.png,wm-bysa-classic,oa-sf-ma-pgw,ambiguous,figure,vase,ambiguous,gray,white,gray,1024,1024,a9177988f4a00c59f1cdb81361ec5550d8713dff0b2d7e1bcbcf572ba3cda331
wm-bysa-classic__oa-sn-ma-pgb,images/wm-bysa-classic/background-gray/wm-bysa-classic__oa-sn-ma-pgb.png,wm-bysa-classic,oa-sn-ma-pgb,ambiguous,none,none,ambiguous,gray,black,gray,1024,1024,1f5b90e8e54f95442d7d8340b4ff4bb07d0bd2acee362f26ad083a46b8899b5f
wm-bysa-classic__oa-sn-ma-pgw,images/wm-bysa-classic/background-gray/wm-bysa-classic__oa-sn-ma-pgw.png,wm-bysa-classic,oa-sn-ma-pgw,ambiguous,none,none,ambiguous,gray,white,gray,1024,1024,e8770338a45679dd330ce0c91ef1feb0fd1b5c37fd4cdfdc95acfffd98fa3fe2
wm-bysa-classic__oa-sn-mv-pgb,images/wm-bysa-classic/background-gray/wm-bysa-classic__oa-sn-mv-pgb.png,wm-bysa-classic,oa-sn-mv-pgb,ambiguous,none,none,vase,gray,black,gray,1024,1024,422390a9489917ee812502a10e5d17d10620f7e9da50a0e131eff2ade7509dcd
wm-bysa-classic__oa-sn-mv-pgw,images/wm-bysa-classic/background-gray/wm-bysa-classic__oa-sn-mv-pgw.png,wm-bysa-classic,oa-sn-mv-pgw,ambiguous,none,none,vase,gray,white,gray,1024,1024,265097784532e8d35fda72fcb4492cebeda61f72a8a46aaa8bf7fbef31551ddb
wm-bysa-classic__of-sf-ma-pbg,images/wm-bysa-classic/background-gray/wm-bysa-classic__of-sf-ma-pbg.png,wm-bysa-classic,of-sf-ma-pbg,face,figure,face,ambiguous,black,gray,gray,1024,1024,ac08ac562e289dba0e1c5d6170f72f943772991f881a66551fd460318142439f
wm-bysa-classic__of-sf-ma-pwg,images/wm-bysa-classic/background-gray/wm-bysa-classic__of-sf-ma-pwg.png,wm-bysa-classic,of-sf-ma-pwg,face,figure,face,ambiguous,white,gray,gray,1024,1024,cca6742e4083ae9bd8b0568d3da51f9ac6fd681eab390629cec5630637a57c4d
wm-bysa-classic__of-sn-ma-pbg,images/wm-bysa-classic/background-gray/wm-bysa-classic__of-sn-ma-pbg.png,wm-bysa-classic,of-sn-ma-pbg,face,none,none,ambiguous,black,gray,gray,1024,1024,e8c352091bf88318b4c79a8d237154c4275a70707a4713f8c5752cb3730f57de
wm-bysa-classic__of-sn-ma-pwg,images/wm-bysa-classic/background-gray/wm-bysa-classic__of-sn-ma-pwg.png,wm-bysa-classic,of-sn-ma-pwg,face,none,none,ambiguous,white,gray,gray,1024,1024,da0a076148f7184d17c3f8d5afc2920a1397c910d81ef835a822f069a1c8cbdf
wm-bysa-classic__oa-sf-ma-pwb,images/wm-bysa-classic/background-white/wm-bysa-classic__oa-sf-ma-pwb.png,wm-bysa-classic,oa-sf-ma-pwb,ambiguous,figure,vase,ambiguous,white,black,white,1024,1024,e3ab5435846bba55762f2d429adb7b20f3604cf05fa2fbcf7420ecab8762b909
wm-bysa-classic__oa-sf-ma-pwg,images/wm-bysa-classic/background-white/wm-bysa-classic__oa-sf-ma-pwg.png,wm-bysa-classic,oa-sf-ma-pwg,ambiguous,figure,vase,ambiguous,white,gray,white,1024,1024,0ca2c715c9d934bf7d32c70496983ae83bdd559a636fb3d70863fd87cb674729
wm-bysa-classic__oa-sn-ma-pwb,images/wm-bysa-classic/background-white/wm-bysa-classic__oa-sn-ma-pwb.png,wm-bysa-classic,oa-sn-ma-pwb,ambiguous,none,none,ambiguous,white,black,white,1024,1024,ac06197d5bb2885113a17dc6e98ac974b1970240b50f201184812d31fae4fceb
wm-bysa-classic__oa-sn-ma-pwg,images/wm-bysa-classic/background-white/wm-bysa-classic__oa-sn-ma-pwg.png,wm-bysa-classic,oa-sn-ma-pwg,ambiguous,none,none,ambiguous,white,gray,white,1024,1024,5edf7f39f4d9c4773f42b380f4822702d8f65296d1c7918e1d85df6ff1f42570
wm-bysa-classic__oa-sn-mv-pwb,images/wm-bysa-classic/background-white/wm-bysa-classic__oa-sn-mv-pwb.png,wm-bysa-classic,oa-sn-mv-pwb,ambiguous,none,none,vase,white,black,white,1024,1024,a70ae92018f05db1000c482d28944bd8da2f7cb687fa6e6cfcfc344f3c30274b
wm-bysa-classic__oa-sn-mv-pwg,images/wm-bysa-classic/background-white/wm-bysa-classic__oa-sn-mv-pwg.png,wm-bysa-classic,oa-sn-mv-pwg,ambiguous,none,none,vase,white,gray,white,1024,1024,603575d097c9576ead1adce5d28603917886fdd808cd1e3f271baebe2647861c
wm-bysa-classic__of-sf-ma-pbw,images/wm-bysa-classic/background-white/wm-bysa-classic__of-sf-ma-pbw.png,wm-bysa-classic,of-sf-ma-pbw,face,figure,face,ambiguous,black,white,white,1024,1024,3202587d4fd7fbfb4815cc4582022728b8c6d6b79693716bd408dddca1b3a4af
wm-bysa-classic__of-sf-ma-pgw,images/wm-bysa-classic/background-white/wm-bysa-classic__of-sf-ma-pgw.png,wm-bysa-classic,of-sf-ma-pgw,face,figure,face,ambiguous,gray,white,white,1024,1024,97cc7793a95596d7096dd0b700fc0aa7fdaf1b1d5d5735d0ca4b45e6ce761cb5
wm-bysa-classic__of-sn-ma-pbw,images/wm-bysa-classic/background-white/wm-bysa-classic__of-sn-ma-pbw.png,wm-bysa-classic,of-sn-ma-pbw,face,none,none,ambiguous,black,white,white,1024,1024,3fa5fdb6243f43c0364f30c72d4b8b628fbca315bd0550e14b4f7559f7363892
wm-bysa-classic__of-sn-ma-pgw,images/wm-bysa-classic/background-white/wm-bysa-classic__of-sn-ma-pgw.png,wm-bysa-classic,of-sn-ma-pgw,face,none,none,ambiguous,gray,white,white,1024,1024,fe2eabf26c71384a5d15401806584ca5d6e8caa963a67cd0ea9fc2a098c482c3
wm-bysa-klam__oa-sf-ma-pbg,images/wm-bysa-klam/background-black/wm-bysa-klam__oa-sf-ma-pbg.png,wm-bysa-klam,oa-sf-ma-pbg,ambiguous,figure,vase,ambiguous,black,gray,black,1024,1024,ebfffd255d379a26c76cf421cea03fc84bd9a5c58b214e85f77d6c66fbbc51ef
wm-bysa-klam__oa-sf-ma-pbw,images/wm-bysa-klam/background-black/wm-bysa-klam__oa-sf-ma-pbw.png,wm-bysa-klam,oa-sf-ma-pbw,ambiguous,figure,vase,ambiguous,black,white,black,1024,1024,377ce349beae8586840386974e7e5d286a6a0d216a3709d759dffe90112c6996
wm-bysa-klam__oa-sn-ma-pbg,images/wm-bysa-klam/background-black/wm-bysa-klam__oa-sn-ma-pbg.png,wm-bysa-klam,oa-sn-ma-pbg,ambiguous,none,none,ambiguous,black,gray,black,1024,1024,d301977e89b1d882dd1ef624bb7183c9293aff3289169124c9f641ed63257f1c
wm-bysa-klam__oa-sn-ma-pbw,images/wm-bysa-klam/background-black/wm-bysa-klam__oa-sn-ma-pbw.png,wm-bysa-klam,oa-sn-ma-pbw,ambiguous,none,none,ambiguous,black,white,black,1024,1024,e1d32d1a98fc60fb5b2ca24494ea6f8660118e48804c21fcb659a5e9353c170f
wm-bysa-klam__oa-sn-mv-pbg,images/wm-bysa-klam/background-black/wm-bysa-klam__oa-sn-mv-pbg.png,wm-bysa-klam,oa-sn-mv-pbg,ambiguous,none,none,vase,black,gray,black,1024,1024,4e30fc0aefa4e066e300a633f3c22a70550578aded414a6051804046f6084481
wm-bysa-klam__oa-sn-mv-pbw,images/wm-bysa-klam/background-black/wm-bysa-klam__oa-sn-mv-pbw.png,wm-bysa-klam,oa-sn-mv-pbw,ambiguous,none,none,vase,black,white,black,1024,1024,9b405f0a655cc7e3ecfa3d578b8c5a7f2706e4911d1d3778574f012065f40042
wm-bysa-klam__of-sf-ma-pgb,images/wm-bysa-klam/background-black/wm-bysa-klam__of-sf-ma-pgb.png,wm-bysa-klam,of-sf-ma-pgb,face,figure,face,ambiguous,gray,black,black,1024,1024,a752272864166fed9fb3fe632be02136a752a20f051f59211f6b238b60e308e2
wm-bysa-klam__of-sf-ma-pwb,images/wm-bysa-klam/background-black/wm-bysa-klam__of-sf-ma-pwb.png,wm-bysa-klam,of-sf-ma-pwb,face,figure,face,ambiguous,white,black,black,1024,1024,ec70289038bde6af582e769aa2983173381ac9e25cbd9ae1185e9c08d5f27237
wm-bysa-klam__of-sn-ma-pgb,images/wm-bysa-klam/background-black/wm-bysa-klam__of-sn-ma-pgb.png,wm-bysa-klam,of-sn-ma-pgb,face,none,none,ambiguous,gray,black,black,1024,1024,b2635970f3724e6233b266327c02215b34a028eb8e51681aae32f4157ad1c3c7
wm-bysa-klam__of-sn-ma-pwb,images/wm-bysa-klam/background-black/wm-bysa-klam__of-sn-ma-pwb.png,wm-bysa-klam,of-sn-ma-pwb,face,none,none,ambiguous,white,black,black,1024,1024,a955e05d95cdc3e03bb688587ba11c1049ac217c1fae71af4ca3278daba579c3
wm-bysa-klam__oa-sf-ma-pgb,images/wm-bysa-klam/background-gray/wm-bysa-klam__oa-sf-ma-pgb.png,wm-bysa-klam,oa-sf-ma-pgb,ambiguous,figure,vase,ambiguous,gray,black,gray,1024,1024,d1826fe1c9b1a05d965430c53b70fdbce023917d14529db5441385f5fc7226ed
wm-bysa-klam__oa-sf-ma-pgw,images/wm-bysa-klam/background-gray/wm-bysa-klam__oa-sf-ma-pgw.png,wm-bysa-klam,oa-sf-ma-pgw,ambiguous,figure,vase,ambiguous,gray,white,gray,1024,1024,bbeb6a684972a0d5ff304ec1042ca6b931be9c44137bb63f199e72adf53a98b7
wm-bysa-klam__oa-sn-ma-pgb,images/wm-bysa-klam/background-gray/wm-bysa-klam__oa-sn-ma-pgb.png,wm-bysa-klam,oa-sn-ma-pgb,ambiguous,none,none,ambiguous,gray,black,gray,1024,1024,197cdece41fce341603e08b8f488ae1bcfc91ae2e547989edf4586f222d91c76
wm-bysa-klam__oa-sn-ma-pgw,images/wm-bysa-klam/background-gray/wm-bysa-klam__oa-sn-ma-pgw.png,wm-bysa-klam,oa-sn-ma-pgw,ambiguous,none,none,ambiguous,gray,white,gray,1024,1024,f995d05b85a3b6b883bd6e039da0788a89a9bccbd318b4dfd5cc00fd765b4836
wm-bysa-klam__oa-sn-mv-pgb,images/wm-bysa-klam/background-gray/wm-bysa-klam__oa-sn-mv-pgb.png,wm-bysa-klam,oa-sn-mv-pgb,ambiguous,none,none,vase,gray,black,gray,1024,1024,c566cc7ef73572a3b50603220a2db9ceddaffbf23351dad348d0e66b9c3eabda
wm-bysa-klam__oa-sn-mv-pgw,images/wm-bysa-klam/background-gray/wm-bysa-klam__oa-sn-mv-pgw.png,wm-bysa-klam,oa-sn-mv-pgw,ambiguous,none,none,vase,gray,white,gray,1024,1024,29c053156c5423290e518c719b59e97182234127972679b2be0e0d8f4abdc49d
wm-bysa-klam__of-sf-ma-pbg,images/wm-bysa-klam/background-gray/wm-bysa-klam__of-sf-ma-pbg.png,wm-bysa-klam,of-sf-ma-pbg,face,figure,face,ambiguous,black,gray,gray,1024,1024,39558507b225be1d9c294bd3493d9d27481a9179d9a22757bacf5e8e1f79f518
wm-bysa-klam__of-sf-ma-pwg,images/wm-bysa-klam/background-gray/wm-bysa-klam__of-sf-ma-pwg.png,wm-bysa-klam,of-sf-ma-pwg,face,figure,face,ambiguous,white,gray,gray,1024,1024,f5b2dfecdebd535158efbfe0128c77df40147b37ed25a9385a986431f1426982
wm-bysa-klam__of-sn-ma-pbg,images/wm-bysa-klam/background-gray/wm-bysa-klam__of-sn-ma-pbg.png,wm-bysa-klam,of-sn-ma-pbg,face,none,none,ambiguous,black,gray,gray,1024,1024,2af16fa0e41818dca3b197f867a07119e2f977eec739a7f89a267a4727f769d4
wm-bysa-klam__of-sn-ma-pwg,images/wm-bysa-klam/background-gray/wm-bysa-klam__of-sn-ma-pwg.png,wm-bysa-klam,of-sn-ma-pwg,face,none,none,ambiguous,white,gray,gray,1024,1024,badbd62e5e2d7baa733a19ff1020093d0d173a62de2145cb5398649045fa167c
wm-bysa-klam__oa-sf-ma-pwb,images/wm-bysa-klam/background-white/wm-bysa-klam__oa-sf-ma-pwb.png,wm-bysa-klam,oa-sf-ma-pwb,ambiguous,figure,vase,ambiguous,white,black,white,1024,1024,9eb665c1c6f1f47b91385b690cada66a09d5bc9f03896cf48d1b6d1dc61d5d90
wm-bysa-klam__oa-sf-ma-pwg,images/wm-bysa-klam/background-white/wm-bysa-klam__oa-sf-ma-pwg.png,wm-bysa-klam,oa-sf-ma-pwg,ambiguous,figure,vase,ambiguous,white,gray,white,1024,1024,ca544eedf852b774b8b4487bccae77e0b1fe5250f68bd57eaa59a5752666eeb3
wm-bysa-klam__oa-sn-ma-pwb,images/wm-bysa-klam/background-white/wm-bysa-klam__oa-sn-ma-pwb.png,wm-bysa-klam,oa-sn-ma-pwb,ambiguous,none,none,ambiguous,white,black,white,1024,1024,e87e92b4fe3006c4fa687268eaab0fc7cb64d0322b45517fc4acdd0d59959aea
wm-bysa-klam__oa-sn-ma-pwg,images/wm-bysa-klam/background-white/wm-bysa-klam__oa-sn-ma-pwg.png,wm-bysa-klam,oa-sn-ma-pwg,ambiguous,none,none,ambiguous,white,gray,white,1024,1024,d94c87e8212b0fee5b936e770de04454c9dd23570d7fce04385c166d1719f684
wm-bysa-klam__oa-sn-mv-pwb,images/wm-bysa-klam/background-white/wm-bysa-klam__oa-sn-mv-pwb.png,wm-bysa-klam,oa-sn-mv-pwb,ambiguous,none,none,vase,white,black,white,1024,1024,f0080f6599cfbbe57402fae2691d0b08059e9ade60ca99e0e7b26c980065c9d0
wm-bysa-klam__oa-sn-mv-pwg,images/wm-bysa-klam/background-white/wm-bysa-klam__oa-sn-mv-pwg.png,wm-bysa-klam,oa-sn-mv-pwg,ambiguous,none,none,vase,white,gray,white,1024,1024,20acc7bfa48cb3eb5e75f6f22e957eba47ac4db16705168ee93985cf39e74fc5
wm-bysa-klam__of-sf-ma-pbw,images/wm-bysa-klam/background-white/wm-bysa-klam__of-sf-ma-pbw.png,wm-bysa-klam,of-sf-ma-pbw,face,figure,face,ambiguous,black,white,white,1024,1024,6234613a493ad0bb4e21b7ea0bcd693ce5ad1af2ab140582dfa36b08fe1c3180
wm-bysa-klam__of-sf-ma-pgw,images/wm-bysa-klam/background-white/wm-bysa-klam__of-sf-ma-pgw.png,wm-bysa-klam,of-sf-ma-pgw,face,figure,face,ambiguous,gray,white,white,1024,1024,7847323137a3d22f6f98c89f181441aa772564fa3b9283ccd8811d34cea6b53f
wm-bysa-klam__of-sn-ma-pbw,images/wm-bysa-klam/background-white/wm-bysa-klam__of-sn-ma-pbw.png,wm-bysa-klam,of-sn-ma-pbw,face,none,none,ambiguous,black,white,white,1024,1024,e6585dac0d88139e1b8c3277984231ddff952ffa7defe97ca064e68065fbe133
wm-bysa-klam__of-sn-ma-pgw,images/wm-bysa-klam/background-white/wm-bysa-klam__of-sn-ma-pgw.png,wm-bysa-klam,of-sn-ma-pgw,face,none,none,ambiguous,gray,white,white,1024,1024,6eab871d161a26d674388550a3e6cbcf1cabf4c70898ec6d61c1b22490eae82f
wm-cc0-classic__oa-sf-ma-pbg,images/wm-cc0-classic/background-black/wm-cc0-classic__oa-sf-ma-pbg.png,wm-cc0-classic,oa-sf-ma-pbg,ambiguous,figure,vase,ambiguous,black,gray,black,1024,1024,ce8fe041379a7c7db81e445f3f71b59d3f9c8fa6f9aee8e6354c807805250357
wm-cc0-classic__oa-sf-ma-pbw,images/wm-cc0-classic/background-black/wm-cc0-classic__oa-sf-ma-pbw.png,wm-cc0-classic,oa-sf-ma-pbw,ambiguous,figure,vase,ambiguous,black,white,black,1024,1024,0549475ab602eca3709f73fc4bfbe90cc8b3b71fab4e8c482dc64e73d42f5415
wm-cc0-classic__oa-sn-ma-pbg,images/wm-cc0-classic/background-black/wm-cc0-classic__oa-sn-ma-pbg.png,wm-cc0-classic,oa-sn-ma-pbg,ambiguous,none,none,ambiguous,black,gray,black,1024,1024,f601528820c1ea85863cde7342d2ab101290cee7e5819182cbbfdc6fb85b3d51
wm-cc0-classic__oa-sn-ma-pbw,images/wm-cc0-classic/background-black/wm-cc0-classic__oa-sn-ma-pbw.png,wm-cc0-classic,oa-sn-ma-pbw,ambiguous,none,none,ambiguous,black,white,black,1024,1024,1160e8e533bb517c1607bcb2cebf9ada6938878ef83082a5182a679da45e4f7f
wm-cc0-classic__oa-sn-mv-pbg,images/wm-cc0-classic/background-black/wm-cc0-classic__oa-sn-mv-pbg.png,wm-cc0-classic,oa-sn-mv-pbg,ambiguous,none,none,vase,black,gray,black,1024,1024,9269adb328d3c789306e7a95823a1b2f83204753ed505c22ff3586e7449cde43
wm-cc0-classic__oa-sn-mv-pbw,images/wm-cc0-classic/background-black/wm-cc0-classic__oa-sn-mv-pbw.png,wm-cc0-classic,oa-sn-mv-pbw,ambiguous,none,none,vase,black,white,black,1024,1024,7258dfdad3c6b67f3fbeb058937a2bd166e213d561aaeeb1bd840ca50b0ac798
wm-cc0-classic__of-sf-ma-pgb,images/wm-cc0-classic/background-black/wm-cc0-classic__of-sf-ma-pgb.png,wm-cc0-classic,of-sf-ma-pgb,face,figure,face,ambiguous,gray,black,black,1024,1024,b9bdda9dcd78451ebd40503a463182d35f46b91101dc519a151bc0208a061731
wm-cc0-classic__of-sf-ma-pwb,images/wm-cc0-classic/background-black/wm-cc0-classic__of-sf-ma-pwb.png,wm-cc0-classic,of-sf-ma-pwb,face,figure,face,ambiguous,white,black,black,1024,1024,e9b97b7724f54c16de297f0ebb5e6021e3e9251d91591097dd79bd8e13446725
wm-cc0-classic__of-sn-ma-pgb,images/wm-cc0-classic/background-black/wm-cc0-classic__of-sn-ma-pgb.png,wm-cc0-classic,of-sn-ma-pgb,face,none,none,ambiguous,gray,black,black,1024,1024,af39f8e0a592e93a80070dc6cfb97f372a8466a4edcb9c9310a2559fa11243fd
wm-cc0-classic__of-sn-ma-pwb,images/wm-cc0-classic/background-black/wm-cc0-classic__of-sn-ma-pwb.png,wm-cc0-classic,of-sn-ma-pwb,face,none,none,ambiguous,white,black,black,1024,1024,f10aa94b89fc5a77569c00075569888ff96f0ff36bc53613c32a5b1dd20d3cc2
wm-cc0-classic__oa-sf-ma-pgb,images/wm-cc0-classic/background-gray/wm-cc0-classic__oa-sf-ma-pgb.png,wm-cc0-classic,oa-sf-ma-pgb,ambiguous,figure,vase,ambiguous,gray,black,gray,1024,1024,101512912efa5d7988410a7b1226ee692e42d58b3e9e72c917fabc3281275d04
wm-cc0-classic__oa-sf-ma-pgw,images/wm-cc0-classic/background-gray/wm-cc0-classic__oa-sf-ma-pgw.png,wm-cc0-classic,oa-sf-ma-pgw,ambiguous,figure,vase,ambiguous,gray,white,gray,1024,1024,fd706236401ba9380f56bd9d42b91a8e9bfea3862639da915a63f2c148917e9a
wm-cc0-classic__oa-sn-ma-pgb,images/wm-cc0-classic/background-gray/wm-cc0-classic__oa-sn-ma-pgb.png,wm-cc0-classic,oa-sn-ma-pgb,ambiguous,none,none,ambiguous,gray,black,gray,1024,1024,a15216d76b69c02d2bb8928c8427501cc2673d6410c769e45edc97839d196c97
wm-cc0-classic__oa-sn-ma-pgw,images/wm-cc0-classic/background-gray/wm-cc0-classic__oa-sn-ma-pgw.png,wm-cc0-classic,oa-sn-ma-pgw,ambiguous,none,none,ambiguous,gray,white,gray,1024,1024,d4956c6b0ceefe914be021232c6a8429dcbae677d5d066707378e574e2437356
wm-cc0-classic__oa-sn-mv-pgb,images/wm-cc0-classic/background-gray/wm-cc0-classic__oa-sn-mv-pgb.png,wm-cc0-classic,oa-sn-mv-pgb,ambiguous,none,none,vase,gray,black,gray,1024,1024,542df88c189b2f524e5fb58fd78fd9263d6ee8238f03c9bff84cf8b95fa11658
wm-cc0-classic__oa-sn-mv-pgw,images/wm-cc0-classic/background-gray/wm-cc0-classic__oa-sn-mv-pgw.png,wm-cc0-classic,oa-sn-mv-pgw,ambiguous,none,none,vase,gray,white,gray,1024,1024,74f11842e45b2b0d08ce981770d133a95b3f9f3baba834f8ee12cdbf3a250466
wm-cc0-classic__of-sf-ma-pbg,images/wm-cc0-classic/background-gray/wm-cc0-classic__of-sf-ma-pbg.png,wm-cc0-classic,of-sf-ma-pbg,face,figure,face,ambiguous,black,gray,gray,1024,1024,aa5b873d432b7cc7185773bf6eefeea046fdf09fd118cf9f17b977e5bd68e067
wm-cc0-classic__of-sf-ma-pwg,images/wm-cc0-classic/background-gray/wm-cc0-classic__of-sf-ma-pwg.png,wm-cc0-classic,of-sf-ma-pwg,face,figure,face,ambiguous,white,gray,gray,1024,1024,53e28d9eb261152c98fe5a430bc32bab224a48e1417724fbe27c1c455b8a66c8
wm-cc0-classic__of-sn-ma-pbg,images/wm-cc0-classic/background-gray/wm-cc0-classic__of-sn-ma-pbg.png,wm-cc0-classic,of-sn-ma-pbg,face,none,none,ambiguous,black,gray,gray,1024,1024,8d8045f630cf0cd2c13002f25b19db9a60e06d1e758f780570e7e56b037c0637
wm-cc0-classic__of-sn-ma-pwg,images/wm-cc0-classic/background-gray/wm-cc0-classic__of-sn-ma-pwg.png,wm-cc0-classic,of-sn-ma-pwg,face,none,none,ambiguous,white,gray,gray,1024,1024,c45ebf6c06211071deac096adae604fb654713c588bace4faed809f6eb178301
wm-cc0-classic__oa-sf-ma-pwb,images/wm-cc0-classic/background-white/wm-cc0-classic__oa-sf-ma-pwb.png,wm-cc0-classic,oa-sf-ma-pwb,ambiguous,figure,vase,ambiguous,white,black,white,1024,1024,041c823d50503cfa02a545cefb46d5604905b3e556fc32c2cfdbf21dcafce3da
wm-cc0-classic__oa-sf-ma-pwg,images/wm-cc0-classic/background-white/wm-cc0-classic__oa-sf-ma-pwg.png,wm-cc0-classic,oa-sf-ma-pwg,ambiguous,figure,vase,ambiguous,white,gray,white,1024,1024,1c134bb972c685234bac28f8c01904f84512b38a034e5df0b8c23f41a535b0d9
wm-cc0-classic__oa-sn-ma-pwb,images/wm-cc0-classic/background-white/wm-cc0-classic__oa-sn-ma-pwb.png,wm-cc0-classic,oa-sn-ma-pwb,ambiguous,none,none,ambiguous,white,black,white,1024,1024,6d7fca6b652897492a00f2a775309c9b45f0d618d28688ef02b37ad1b138630e
wm-cc0-classic__oa-sn-ma-pwg,images/wm-cc0-classic/background-white/wm-cc0-classic__oa-sn-ma-pwg.png,wm-cc0-classic,oa-sn-ma-pwg,ambiguous,none,none,ambiguous,white,gray,white,1024,1024,3029fe316852b34d0e416f4d63a92ba514202b701d109a5c1931909027d904c1
wm-cc0-classic__oa-sn-mv-pwb,images/wm-cc0-classic/background-white/wm-cc0-classic__oa-sn-mv-pwb.png,wm-cc0-classic,oa-sn-mv-pwb,ambiguous,none,none,vase,white,black,white,1024,1024,9c5d6803d9b15255b5b2e9ac6ea09ecc6118a37608af68c7d18e17a89ea4929a
wm-cc0-classic__oa-sn-mv-pwg,images/wm-cc0-classic/background-white/wm-cc0-classic__oa-sn-mv-pwg.png,wm-cc0-classic,oa-sn-mv-pwg,ambiguous,none,none,vase,white,gray,white,1024,1024,05bd370c9cac7cc807785e41a76587f667098f606946417b21e569f3e49c51c5
wm-cc0-classic__of-sf-ma-pbw,images/wm-cc0-classic/background-white/wm-cc0-classic__of-sf-ma-pbw.png,wm-cc0-classic,of-sf-ma-pbw,face,figure,face,ambiguous,black,white,white,1024,1024,ae6ce2ebcba126f804eeff033211e84ccda27c59966efa48b378469422096a3f
wm-cc0-classic__of-sf-ma-pgw,images/wm-cc0-classic/background-white/wm-cc0-classic__of-sf-ma-pgw.png,wm-cc0-classic,of-sf-ma-pgw,face,figure,face,ambiguous,gray,white,white,1024,1024,c92f6015a8f6a5de537faad358c15f260d9a22f12da20954ab98dbad39c68e8f
wm-cc0-classic__of-sn-ma-pbw,images/wm-cc0-classic/background-white/wm-cc0-classic__of-sn-ma-pbw.png,wm-cc0-classic,of-sn-ma-pbw,face,none,none,ambiguous,black,white,white,1024,1024,234c6a847f73954bb83826d8a4f09703ad3b7e8cd56cfbaa6abb3122ba34aede
wm-cc0-classic__of-sn-ma-pgw,images/wm-cc0-classic/background-white/wm-cc0-classic__of-sn-ma-pgw.png,wm-cc0-classic,of-sn-ma-pgw,face,none,none,ambiguous,gray,white,white,1024,1024,d399a5960bc1f7d9dba8889affe8b6de2c875ca5a3ea83b65a1c36d92379c9a0
